{
  "ensemble_size": 1,
  "model_weights": [
    "E:\\Yolo\\YOLOv11_Coal_Classification_Project\\yolo11_hybridmodel\\runs\\b3_seed1337\\weights\\best.pt"
  ],
  "weights_normalized": null,
  "test_accuracy": 91.75824175824175,
  "num_test_samples": 182,
  "classes": [
    "destructive_coal",
    "fully_pulverized_coal",
    "non_destructive_coal",
    "not_coal",
    "pulverized_coal",
    "strongly_destructive_coal"
  ],
  "classification_report": {
    "destructive_coal": {
      "precision": 0.8974358974358975,
      "recall": 1.0,
      "f1-score": 0.9459459459459459,
      "support": 35.0
    },
    "fully_pulverized_coal": {
      "precision": 0.8888888888888888,
      "recall": 0.8571428571428571,
      "f1-score": 0.8727272727272727,
      "support": 28.0
    },
    "non_destructive_coal": {
      "precision": 0.9666666666666667,
      "recall": 0.8787878787878788,
      "f1-score": 0.9206349206349206,
      "support": 33.0
    },
    "not_coal": {
      "precision": 0.9583333333333334,
      "recall": 0.9583333333333334,
      "f1-score": 0.9583333333333334,
      "support": 24.0
    },
    "pulverized_coal": {
      "precision": 0.84375,
      "recall": 0.9642857142857143,
      "f1-score": 0.9,
      "support": 28.0
    },
    "strongly_destructive_coal": {
      "precision": 0.9666666666666667,
      "recall": 0.8529411764705882,
      "f1-score": 0.90625,
      "support": 34.0
    },
    "accuracy": 0.9175824175824175,
    "macro avg": {
      "precision": 0.9202902421652421,
      "recall": 0.9185818266700619,
      "f1-score": 0.9173152454402455,
      "support": 182.0
    },
    "weighted avg": {
      "precision": 0.9213780877242416,
      "recall": 0.9175824175824175,
      "f1-score": 0.9172413413484841,
      "support": 182.0
    }
  },
  "confusion_matrix": [
    [
      35,
      0,
      0,
      0,
      0,
      0
    ],
    [
      0,
      24,
      0,
      0,
      4,
      0
    ],
    [
      2,
      0,
      29,
      1,
      0,
      1
    ],
    [
      1,
      0,
      0,
      23,
      0,
      0
    ],
    [
      0,
      1,
      0,
      0,
      27,
      0
    ],
    [
      1,
      2,
      1,
      0,
      1,
      29
    ]
  ],
  "tta": "hflip"
}