{
  "ensemble_size": 1,
  "model_weights": [
    "E:\\Yolo\\YOLOv11_Coal_Classification_Project\\yolo11_hybridmodel\\runs\\b3_seed1337\\weights\\best.pt"
  ],
  "weights_normalized": null,
  "test_accuracy": 91.20879120879121,
  "num_test_samples": 182,
  "classes": [
    "destructive_coal",
    "fully_pulverized_coal",
    "non_destructive_coal",
    "not_coal",
    "pulverized_coal",
    "strongly_destructive_coal"
  ],
  "classification_report": {
    "destructive_coal": {
      "precision": 0.8717948717948718,
      "recall": 0.9714285714285714,
      "f1-score": 0.918918918918919,
      "support": 35.0
    },
    "fully_pulverized_coal": {
      "precision": 0.9230769230769231,
      "recall": 0.8571428571428571,
      "f1-score": 0.8888888888888888,
      "support": 28.0
    },
    "non_destructive_coal": {
      "precision": 0.9666666666666667,
      "recall": 0.8787878787878788,
      "f1-score": 0.9206349206349206,
      "support": 33.0
    },
    "not_coal": {
      "precision": 0.9583333333333334,
      "recall": 0.9583333333333334,
      "f1-score": 0.9583333333333334,
      "support": 24.0
    },
    "pulverized_coal": {
      "precision": 0.84375,
      "recall": 0.9642857142857143,
      "f1-score": 0.9,
      "support": 28.0
    },
    "strongly_destructive_coal": {
      "precision": 0.9354838709677419,
      "recall": 0.8529411764705882,
      "f1-score": 0.8923076923076924,
      "support": 34.0
    },
    "accuracy": 0.9120879120879121,
    "macro avg": {
      "precision": 0.9165176109732561,
      "recall": 0.9138199219081571,
      "f1-score": 0.9131806256806257,
      "support": 182.0
    },
    "weighted avg": {
      "precision": 0.9158814613839429,
      "recall": 0.9120879120879121,
      "f1-score": 0.9119256317058514,
      "support": 182.0
    }
  },
  "confusion_matrix": [
    [
      34,
      0,
      0,
      0,
      0,
      1
    ],
    [
      0,
      24,
      0,
      0,
      4,
      0
    ],
    [
      2,
      0,
      29,
      1,
      0,
      1
    ],
    [
      1,
      0,
      0,
      23,
      0,
      0
    ],
    [
      0,
      1,
      0,
      0,
      27,
      0
    ],
    [
      2,
      1,
      1,
      0,
      1,
      29
    ]
  ],
  "tta": "none"
}